year,displaced_population,displaced_proportion
2007,42.69,6.38964
2008,41.98,6.20603
2009,43.25,6.31717
2010,43.71,6.30724
2011,42.5,6.0596
2012,45.16,6.36237
2013,51.2,7.12979
2014,59.53,8.19344
2015,65.3,8.88499
2016,65.36,8.82591
